2024-0812,Crisostomo,Ibarra,BSCS,3,Male
2024-1190,Maria,Clara,BSBA-MM,1,Female
2024-0543,Padre,Damaso,BAHIS,4,Male
2024-1902,Sisa,Narciso,BSN,2,Female
2024-0231,Basilio,Santos,BSBIO,3,Male
2024-1765,Crispin,Santos,BSBIO-ANBIO,1,Male
2024-0987,Elias,Quinto,BSCE,4,Male
2024-0114,Salome,Reyes,BSMB,2,Female
2024-1432,Amihan,Maceda,BSPHY,3,Female
2024-0678,Pirena,Ravena,BSCHEM,4,Female
2024-1321,Alena,Agua,BSBIO-BOT,2,Female
2024-0449,Danaya,Terra,BSSTAT,1,Female
2024-1880,Ybarro,Fierro,BSMETE,3,Male
2024-0335,Aquil,Fuerte,BSME,4,Male
2024-1554,Lira,Cruz,BSIT,1,Female
2024-0772,Mira,Luna,BSIS,2,Female
2024-1991,Cardo,Dalisay,BSCPE,4,Male
2024-0120,Alyana,Arevalo,BSCA,3,Female
2024-1447,Joaquin,Tuazon,BAPOLSCI,4,Male
2024-0665,Lola,Flora,BASOCIO,1,Female
2024-1339,Amor,Powers,BSA,3,Female
2024-0226,Claudia,Buenavista,BEED-LE,4,Female
2024-1773,Angelo,Buenavista,BHM,2,Male
2024-0558,Yna,Macaspac,BSED-FIL,1,Female
2024-1229,Maya,Dela Rosa,BTLED-HOMECO,2,Female
2024-0884,Richard,Lim,BSBA-MM,4,Male
2024-1551,Serena,Marchesa,BAELS,1,Female
2024-0442,Tenten,Ibarra,BAPAN,2,Male
2024-1997,Basha,Belmonte,BSPSYCH,4,Female
2024-0330,Popoy,Gonzalez,BSCE,4,Male
2024-1663,Bobbie,Salazar,BALCS,3,Female
2024-0779,Teddie,Salazar,BSED-MAT,4,Female
2024-1885,Alex,Salazar,BSBIO,2,Female
2024-0118,Gabbie,Salazar,BSED-BIO,3,Female
2024-1441,Cj,Salazar,BSCS,1,Male
2024-0660,Anthony,Lucero,BSEE,4,Male
2024-1333,Mace,Castillo,BAPSYCH,2,Female
2024-0220,Budoy,Laroza,BEED-SCIMAT,1,Male
2024-1779,Darna,Vallesteros,BSN,4,Female
2024-0550,Narda,Custodio,BSN,1,Female
2024-1221,Ding,Custodio,BSCS,1,Male
2024-0889,Valentina,Gorospe,BSBIO,4,Female
2024-1558,Pedro,Penduko,BSME,2,Male
2024-0440,Kokey,Alien,BSCA,1,Others
2024-1994,Enteng,Kabisote,BSMETE,4,Male
2024-0337,Faye,Magdalena,BTVTED-DT,2,Female
2024-1669,Ina,Monteclaro,BSHM,4,Female
2024-0770,Krystala,Dimasupil,BSPHY,3,Female
2024-1881,Lastikman,Espinosa,BSIAM,2,Male
2024-0110,Panday,De Dios,BSMETE,4,Male
2024-1445,Flordeliza,Mendoza,BPE,1,Female
2024-0668,Annaliza,Querubin,BSED-CHEM,1,Female
2024-1332,Mara,Del Valle,BSED-PHY,2,Female
2024-0225,Clara,Sarmiento,BSED-PHY,2,Female
2024-1771,Gulong,Ng Palad,BETCET,4,Male
2024-0556,Pepito,Manaloto,BSA,4,Male
2024-1222,Elsa,Bimapo,BAPHILO,3,Female
2024-0880,Kulas,Dimalanta,BSMB,2,Male
2024-1553,Adelfa,Guinto,BSBIO-BOT,1,Female
2024-0446,Zuma,Serpiente,BSBIO-ANBIO,4,Male
2024-1999,Galema,Rodriguez,BSBIO-ANBIO,1,Female
2024-0332,Bitoy,Bolero,BSIT,2,Male
2024-1664,Bebeth,Ganda,BSCA,3,Female
2024-0773,Kaka,Bautista,BAFIL,1,Male
2024-1887,Dely,Magpayo,BAELS,4,Female
2024-0111,Pido,Dida,BSCS,1,Male
2024-1448,Bong,Revilla,BSCA,3,Male
2024-0662,Agimat,Anito,BETCHET,4,Male
2024-1336,Mulawin,Aguiluz,BSMB,4,Male
2024-0229,Alwina,Soto,BSMB,3,Female
2024-1775,Pagaspas,Rico,BSSTAT,1,Male
2024-0551,Lawiswis,Rica,BSSTAT,1,Female
2024-1227,Heneral,Luna,BAHIS,4,Male
2024-0883,Goyo,Del Pilar,BAHIS,2,Male
2024-1559,Joven,Hernando,BALCS,1,Male
2024-0441,Manuel,Quezon,BAPOLSCI,4,Male
2024-1993,Sergio,Osmeña,BSA,4,Male
2024-0338,Ramon,Magsaysay,BSEE,4,Male
2024-1667,Ninoy,Aquino,BAFIL,4,Male
2024-0774,Cory,Cojuangco,BSBA-MM,4,Female
2024-1883,Miriam,Defensor,BAPOLSCI,4,Female
2024-0119,Chel,Diokno,BAPOLSCI,1,Male
2024-1440,Vico,Sotto,BAPOLSCI,2,Male
2024-0667,Isko,Moreno,BSBA-MM,3,Male
2024-1331,Grace,Llamanzares,BASOCIO,3,Female
2024-0222,Lorna,Tolentino,BAPHILO,4,Female
2024-1776,Sharon,Cuneta,BSHM,4,Female
2024-0554,Vilma,Santos,BSE,4,Female
2024-1228,Nora,Aunor,BAPAN,4,Female
2024-0882,Dolphy,Quizon,BSCA,4,Male
2024-1557,Babalu,Panganiban,BSCA,3,Male
2024-0448,Redford,White,BSCA,2,Male
2024-1996,Panchito,Alba,BSCA,4,Male
2024-0333,Rene,Requiestas,BSCA,1,Male
2024-1661,Mura,Magallanes,BSCA,2,Others
2024-0776,Mahal,Tesoro,BSCA,2,Others
2024-1882,Dagul,Pastrana,BSCA,3,Male
2024-0116,Long,Mejia,BSCA,4,Male
2024-1444,Bayani,Agbayani,BSCA,2,Male
2024-0669,Ai-Ai,Delas Alas,BSHM,4,Female
2024-3001,Ibarra,Salcedo,BSCS,2,Male
2024-3002,Paulita,Gomez,BSBA-MM,4,Female
2024-3003,Isagani,Rivera,BAHIS,3,Male
2024-3004,Juli,San Jose,BSN,1,Female
2024-3005,Lucas,Panganiban,BSBIO,2,Male
2024-3006,Tarsilo,Almario,BSBIO-ANBIO,4,Male
2024-3007,Bruno,Almario,BSCE,3,Male
2024-3008,Doña,Victorina,BSMB,4,Female
2024-3009,Doña,Consolacion,BSPHY,4,Female
2024-3010,Don,Tiburcio,BSCHEM,4,Male
2024-3011,Linares,Araneta,BSBIO-BOT,2,Male
2024-3012,Alfonso,Linares,BSSTAT,1,Male
2024-3013,Pilosopo,Tasyo,BSMETE,4,Male
2024-3014,Kapitan,Tiago,BSME,4,Male
2024-3015,Tandang,Selo,BSIT,4,Male
2024-3016,Hermana,Bali,BSIS,3,Female
2024-3017,Ben,Zayb,BSCPE,2,Male
2024-3018,Makaraig,Ledesma,BSCA,3,Male
2024-3019,Pecson,Villamil,BAPOLSCI,2,Male
2024-3020,Sandoval,Cortes,BASOCIO,1,Male
2024-3021,Tadeo,Generoso,BSA,2,Male
2024-3022,Juanito,Pelaez,BEED-LE,3,Male
2024-3023,Simoun,Ibarra,BHM,4,Male
2024-3024,Basilio,Magalang,BSED-FIL,4,Male
2024-3025,Kabesang,Tales,BTLED-HOMECO,4,Male
2024-3026,Placido,Penitente,BSBA-MM,1,Male
2024-3027,Zeneida,Quezon,BAELS,2,Female
2024-3028,Melchora,Aquino,BAPAN,4,Female
2024-3029,Gregoria,de Jesus,BSPSYCH,4,Female
2024-3030,Teresa,Magbanua,BSCE,4,Female
2024-3031,Agueda,Esteban,BALCS,1,Female
2024-3032,Trinidad,Tecson,BSED-MAT,4,Female
2024-3033,Marina,Dizon,BSBIO,2,Female
2024-3034,Delfina,Herbosa,BSED-BIO,3,Female
2024-3035,Marcelo,del Pilar,BSCS,4,Male
2024-3036,Graciano,Lopez Jaena,BSEE,4,Male
2024-3037,Antonio,Luna,BAPSYCH,4,Male
2024-3038,Juan,Luna,BEED-SCIMAT,4,Male
2024-3039,Artemio,Ricarte,BSN,3,Male
2024-3040,Macario,Sakay,BSN,4,Male
2024-3041,Miguel,Malvar,BSCS,4,Male
2024-3042,Ladislao,Diwa,BSBIO,2,Male
2024-3043,Teodoro,Plata,BSME,1,Male
2024-3044,Valentin,Ventura,BSCA,3,Male
2024-3045,Felipe,Agoncillo,BSMETE,4,Male
2024-3046,Mariano,Ponce,BTVTED-DT,4,Male
2024-3047,Galicano,Apacible,BSHM,4,Male
2024-3048,Jose,Palma,BSPHY,1,Male
2024-3049,Emilio,Jacinto,BSIAM,2,Male
2024-3050,Pascual,Poblete,BSMETE,4,Male
